<annotation>
	<folder></folder>
	<filename>main_menu_jpg.rf.11671f520cdfef86b5b1e81996127695.jpg</filename>
	<path>main_menu_jpg.rf.11671f520cdfef86b5b1e81996127695.jpg</path>
	<source>
		<database>roboflow.com</database>
	</source>
	<size>
		<width>640</width>
		<height>640</height>
		<depth>3</depth>
	</size>
	<segmented>0</segmented>
	<object>
		<name>Aloo Paratha</name>
		<pose>Unspecified</pose>
		<truncated>0</truncated>
		<difficult>0</difficult>
		<occluded>0</occluded>
		<bndbox>
			<xmin>23</xmin>
			<xmax>302</xmax>
			<ymin>90</ymin>
			<ymax>107</ymax>
		</bndbox>
	</object>
	<object>
		<name>Aloo Stuffed Naan</name>
		<pose>Unspecified</pose>
		<truncated>0</truncated>
		<difficult>0</difficult>
		<occluded>0</occluded>
		<bndbox>
			<xmin>25</xmin>
			<xmax>208</xmax>
			<ymin>109</ymin>
			<ymax>125</ymax>
		</bndbox>
	</object>
	<object>
		<name>Butter Chapatti</name>
		<pose>Unspecified</pose>
		<truncated>0</truncated>
		<difficult>0</difficult>
		<occluded>0</occluded>
		<bndbox>
			<xmin>23</xmin>
			<xmax>170</xmax>
			<ymin>130</ymin>
			<ymax>148</ymax>
		</bndbox>
	</object>
	<object>
		<name>Butter Garlic Naan</name>
		<pose>Unspecified</pose>
		<truncated>0</truncated>
		<difficult>0</difficult>
		<occluded>0</occluded>
		<bndbox>
			<xmin>22</xmin>
			<xmax>164</xmax>
			<ymin>149</ymin>
			<ymax>167</ymax>
		</bndbox>
	</object>
	<object>
		<name>butter kulcha</name>
		<pose>Unspecified</pose>
		<truncated>0</truncated>
		<difficult>0</difficult>
		<occluded>0</occluded>
		<bndbox>
			<xmin>22</xmin>
			<xmax>155</xmax>
			<ymin>166</ymin>
			<ymax>185</ymax>
		</bndbox>
	</object>
	<object>
		<name>English Menu</name>
		<pose>Unspecified</pose>
		<truncated>0</truncated>
		<difficult>0</difficult>
		<occluded>0</occluded>
		<bndbox>
			<xmin>12</xmin>
			<xmax>350</xmax>
			<ymin>85</ymin>
			<ymax>639</ymax>
		</bndbox>
	</object>
	<object>
		<name>Pricves</name>
		<pose>Unspecified</pose>
		<truncated>0</truncated>
		<difficult>0</difficult>
		<occluded>0</occluded>
		<bndbox>
			<xmin>503</xmin>
			<xmax>632</xmax>
			<ymin>87</ymin>
			<ymax>641</ymax>
		</bndbox>
	</object>
</annotation>
